split,mae_bpm,rmse_bpm
train,1.0475428104400635,2.3836082255506246
test,17.47164535522461,28.100044266743936
