split,mae_bpm,rmse_bpm
train,1.362464189529419,2.8283580030700275
test,18.89972496032715,29.907725521985746
