split,mae_bpm,rmse_bpm
train,1.225819706916809,2.5508654640398234
test,18.635915756225586,29.396845060511488
