split,mae_bpm,rmse_bpm
train,1.3822163343429565,2.1041665659485846
test,15.916412353515625,26.522510108970998
