split,mae_bpm,rmse_bpm
train,1.2504472732543945,1.9759386608549319
test,17.02368927001953,27.4546578879813
