split,mae_bpm,rmse_bpm
train,1.4692744016647339,2.2340162295961776
test,16.387226104736328,26.824055775771843
